distance,conv_rate,conv_angle,trench_abs_rate,trench_abs_angle,arc_len,trench_norm,dist_nearest_edge,dist_from_start,subducting_abs_rate,subducting_abs_angle,seafloor_age,carbonate_sediment_thickness,total_sediment_thick,label
-0.9901199074480653,0.7583620245089544,0.33638480871365595,1.229351106668858,-1.0274000757407633,-0.18035088167253682,-1.5314182523314133,0.15609045351462358,-0.615130333583327,-0.5317208874166716,-0.5871348330760034,0.8910506635855204,0.17328228395642878,1.1042526558379795,1
-0.679193330970608,-1.0757761201474998,-2.719851148119338,0.7411978584955174,1.3230489317806573,-0.18035088167253682,0.23186600569040677,0.956032928479275,0.2759036028643319,1.6693795045077524,2.0265501807673107,-0.7656356318517354,0.437227298252283,-0.2911571627241912,1
-0.679193330970608,-0.645300629960896,-0.27390415958414815,0.9861493091918173,1.4249722058994245,0.34939389960692646,0.33987150037231295,-0.9189111059015953,-1.2363749439379959,1.5812117446063525,1.878839477548202,-0.9630362500156158,0.0994137134026402,-0.5226584429554632,1
-0.5796968264978216,0.9956207930276437,0.28533464866925384,1.0946278087858932,-1.0849927538369912,-1.239840444231462,-1.6918505386925715,-0.9113406723845796,-1.2319999818932448,-0.633809872565661,-0.34705444671349606,-0.5068286324674951,0.6065845087902372,-0.7829693404721536,1
-0.6294450787342148,0.27247879796169844,0.7485859391692654,0.8409280919932968,1.4220972090862471,-0.18035088167253682,0.23837995575877083,0.12076176376855076,-0.6355468231254993,1.7374388279404123,1.195223032476722,-1.0164051467830493,1.5038173901508884,-0.8417409597344069,1
-0.8906234029752791,0.8322390063231571,0.15680058875163294,1.2363497195458955,-1.121440294081464,-0.7100956629519987,-1.431397599668792,0.5497529963994363,0.2248623790089014,-0.5935929996281804,-0.68744884756847,-1.0164051467830493,1.7038030323818774,-0.5667051467162804,1
-0.4802003220250352,-1.0274719397305212,-3.065141874633255,0.6554648507518124,1.2271538767862937,0.8791386808863898,0.3980767961444685,-0.27542425695526707,-0.8645031701341449,1.6028669838803806,1.8261914511501425,-0.8588704515056854,0.8462069449769172,-0.779256100910922,1
-0.554822700379625,2.4504290502919415,0.062134757989683355,2.310636796171097,-1.5352543515136206,-0.7100956629519987,-1.8228649860353117,-1.1586415006070903,-1.3749154086884503,-0.6291694641497979,-0.17524145007941908,-1.0164051467830493,1.6956955063454855,-0.8119070005010627,1
-0.9652457813298689,0.4713783643845518,0.8174788735981189,-0.3085940730600542,-0.06919146045859337,0.34939389960692646,0.42276676817778386,-0.8583476377654702,-1.2013752475799866,-0.7482732801569523,0.5510589447828156,2.4432496611347294,-0.5636017491289256,0.1701808420729735,1
-0.45532619590683865,-0.9606985138599918,-2.687139395081177,0.903915607886631,1.2228877524828694,0.34939389960692646,0.37937545562561703,0.5346121293654049,-0.09742649162110299,1.655458279260163,1.829557693247205,-0.9115963495168847,0.4336239533472202,-0.343910773042379,1
-0.803563961561591,-0.3156956341744534,-0.6132472946365818,1.416564001129602,1.4731052170619725,0.34939389960692646,0.22493180077892258,-0.8230189480193973,1.3040196833808615,1.607507392296244,2.0086417728109374,-0.40073383768886217,0.3876813058076687,0.1761988510170386,1
-1.0025569705071637,-0.645300629960896,-0.27390415958414815,0.7831895357577403,1.4439842815994677,0.34939389960692646,0.2912270022811432,-0.3183233802183556,-0.15575931888445224,1.4017826191929772,1.9064426627441158,-0.5640555217723331,0.5291125933313858,0.21525188778171686,1
-0.7786898354433944,-1.176646614547661,2.264726129225829,-0.870232756442285,-0.4560176445799572,0.8791386808863898,1.5594510551072998,-0.23757208937018887,-0.8426283599103889,0.6299280193544053,-2.134394350569874,-0.4113433171667254,-0.7581823740023196,-0.5579982401589096,1
-0.7040674570888046,0.22701603992218908,-0.1533002216151722,1.2468476388614511,1.0996338568469803,0.34939389960692646,0.4208756213837426,-0.03821734008877737,0.11694664857170538,-0.678667153919005,0.8393439179752599,-1.6500804210517919,-0.052827608836265603,-1.201284983456427,1
0.6266982902347135,0.7910383818498515,0.4574843793044222,0.8829197692555195,-0.9695291721464858,-0.18035088167253682,-1.751631790126428,-1.1586415006070903,1.1538126531777373,-0.5379080986378224,-0.23610310719431157,2.5750644061627272,4.071200635008173,3.723110888454246,1
-0.8657492768570825,-0.48333955444514404,-1.0769942177583836,1.2153538809147837,1.385278701511042,0.8791386808863898,0.32705372765714513,-0.33094076941338163,1.4308935826786457,1.6291626315702719,1.8905540000459802,-0.22551667661505978,0.10752123943903162,0.642274437323361,1
-0.7413786462660995,0.8762810531739318,0.42576389150984223,1.0526361315236703,-0.9673033681620906,-0.7100956629519987,-1.7485849425138063,-1.0703197762419077,-1.3238741848330198,-0.6276226613445103,-0.27542081488800313,-0.618710416052235,0.9137696619468457,-0.7951334011037747,1
-0.6916303940297063,-1.0757761201474998,-2.719851148119338,0.7411978584955174,1.3230489317806573,-0.18035088167253682,0.23186600569040677,0.956032928479275,0.2759036028643319,1.6693795045077524,2.0265501807673107,-0.7656356318517354,0.437227298252283,-0.2911571627241912,1
-0.4180150067295437,-0.9024493551218705,-2.534484547569761,0.952905898025891,1.2813151070732456,0.34939389960692646,0.3440740488035156,0.3983443260591236,0.59965079417592,1.6508178708443,1.8762811335544345,-0.8083950491413056,0.5867661118123916,-0.09742849182268931,1
-1.0398681596844586,0.7583620245089544,0.33638480871365595,1.229351106668858,-1.0274000757407633,-0.18035088167253682,-1.5314182523314133,0.15609045351462358,-0.615130333583327,-0.5317208874166716,-0.5871348330760034,0.8910506635855204,0.17328228395642878,1.1042526558379795,1
-0.8284380876797875,1.0780220419742543,0.03223158980833456,1.3675737109903419,-1.688742084604212,-0.18035088167253682,0.38683497909100173,-0.028123428732756528,-0.7215877433389393,-0.07232045424621905,0.3667235275476656,1.974182068461926,-0.6464786819453712,1.5941441924335809,1
-0.6170080156751165,-1.747772512418997,1.305346584313716,-0.30684441984079497,0.19048567105418984,-0.18035088167253682,0.12575165780254186,-0.9769510961987151,-1.2699163196144216,1.711143180250521,0.9485448116039719,1.8754817593799855,0.015635944359928648,0.04072962840382755,1
-0.5921338895569199,0.3250451119448811,0.24502319543030845,1.0666333572777444,1.211851474393576,0.34939389960692646,0.19950638277014712,0.6633094991546705,-0.3220078765849974,1.7977641373466335,0.9107082504329879,-1.5928535317469537,-0.052827608836265603,-1.268379381045579,1
-0.9154975290934757,-1.5886528592807143,2.055569162830318,-1.403876988316367,-0.5159288684932636,0.8791386808863898,1.5573497808916985,-0.335987725091392,-0.8995028664921544,0.6283812165491176,-2.1283351147951617,-0.06283799128782284,-0.6807104585434683,-0.4702889608677474,1
-1.0398681596844586,-0.9720642033698692,2.318254452379183,-0.6725219426659858,-0.36717096886951206,0.8791386808863898,1.4541772169056755,-0.6716102776790849,-1.0934595171427905,0.5417602594530053,-1.6083180356409252,1.2739564229229499,-0.5618000766763941,0.01294435306633506,1
0.6266982902347135,0.7910383818498515,0.4574843793044222,0.8829197692555195,-0.9695291721464858,-0.18035088167253682,-1.751631790126428,-1.1586415006070903,1.1538126531777373,-0.5379080986378224,-0.23610310719431157,2.5750644061627272,4.071200635008173,3.723110888454246,1
-0.9901199074480653,-2.195296536870417,1.3517708398880752,-0.8894789418541372,-0.2639493090931807,0.8791386808863898,1.4428303361414287,-0.5832885533139025,-1.0424182932873598,-1.018963771082303,0.737414107276203,-0.604885942793201,-0.4573030744295713,-0.17169328304732323,1
-0.6418821417933132,0.026695762310601244,-1.0563428585171204,1.7402498466925698,1.3719238776046703,-2.2993300067903872,0.22398622738190196,-0.6993685339081421,-1.1095010446402114,1.6214286175438335,2.0303203719160208,-0.2232661809682403,0.5525343352142942,-0.21740454247352015,1
-0.9403716552116723,-0.9663813586149305,2.311646017421979,-0.6655233297889486,-0.3718080605036689,0.8791386808863898,1.4539670894841155,-0.7220798344591889,-1.122625930774465,0.5417602594530053,-1.6084526853248076,1.2739564229229499,-0.5618000766763941,0.01294435306633506,1
-0.6667562679115097,0.9757308363853583,0.9327960636013315,-1.5281023668837765,-0.7152310669293247,-0.18035088167253682,1.658000815819,-0.8810589383165172,-1.21450013371424,-0.6430906893973873,0.2078369005663091,-0.2232661809682403,0.5525343352142942,-0.5167684767548888,1
-0.6418821417933132,0.9757308363853583,0.9327960636013315,-1.5281023668837765,-0.7152310669293247,-0.18035088167253682,1.658000815819,-0.8810589383165172,-1.21450013371424,-0.6430906893973873,0.2078369005663091,-0.2232661809682403,0.5525343352142942,-0.5167684767548888,1
-0.6418821417933132,0.6688572196186704,0.35571448096347813,0.8654232370629267,1.3686779134607605,-0.7100956629519987,0.3005776725405688,0.2999286903379206,-0.5320060547330544,-0.8101453923684611,0.7772704137054248,-0.697477763690917,1.3470718867806541,-0.8764405432203997,1
-0.6294450787342148,-0.645300629960896,-0.27390415958414815,0.9756513898762617,1.4235810784091776,0.34939389960692646,0.3382955447106119,-0.6817041890351057,-1.0992927998691253,1.5719309277746263,1.8768197322899647,-0.9369948003881331,0.0994137134026402,-0.48386149167776654,1
-0.8160010246206894,-0.4847602656338787,-1.4074159656185914,1.1856097761873758,1.3231416736133403,0.8791386808863898,0.36645261919966926,-0.29056512398929835,0.3794443712567766,1.6291626315702719,1.8311734894537952,-0.46021122264052,0.06608277303080869,0.44444839863015567,1
-0.6916303940297063,-1.0757761201474998,-2.719851148119338,0.7411978584955174,1.3230489317806573,-0.18035088167253682,0.23186600569040677,0.956032928479275,0.2759036028643319,1.6693795045077524,2.0265501807673107,-0.7656356318517354,0.437227298252283,-0.2911571627241912,1
-0.679193330970608,-0.645300629960896,-0.27390415958414815,0.9948975752881138,1.4271052680511367,0.34939389960692646,0.3469107689945774,0.5447060407214257,-0.3905489486194327,1.588945758632791,1.8819364202775,-0.7984285684196765,0.10842207566529714,-0.45838098572310776,1
-0.5921338895569199,0.6986921545820984,0.3633141811642629,0.9179128336407052,1.392048855296911,0.34939389960692646,0.2841877336588787,0.4589077941952487,-0.3220078765849974,-0.8085985895631733,0.8023152549075708,-0.6408938731423126,2.23709807833118,-0.3407097044551103,1
-0.9154975290934757,-2.185351558549274,1.446767092397885,-0.8107445469874693,-0.21479613777111822,-0.18035088167253682,1.3597249409143974,-0.8255424258584025,-1.182417078719398,-1.0174169682770153,0.8489040455309177,2.5660624235754494,-0.5212624464944369,0.1696686710990106,1
-0.9030604660343774,0.8166111832470755,0.16126128234774575,1.2363497195458955,-1.1209765849180484,-0.7100956629519987,-1.4310824085364517,-0.02559995089375137,0.15777962765604972,-0.5796717743805909,-0.6936427330270653,-0.866264937202378,1.6524553674847315,-0.5610712660026875,1
-0.6667562679115097,0.4585919636859397,1.189864183436573,-0.3085940730600542,0.12037284554573835,0.8791386808863898,0.19866587308390649,-0.6539459328060484,0.07028038676102599,-0.7343520549093627,0.854020733518453,1.8671227755489415,-0.5636017491289256,0.039193115481938524,1
-0.4802003220250352,-1.0459411851840719,-2.67573984478,0.8024357211695924,1.2930005779913207,-0.18035088167253682,0.2656965205615875,0.7743425240708998,-0.2578417665953132,1.6647390960918895,1.9787495429890214,-0.7797816044888866,0.3435403307206488,-0.343910773042379,1
-0.9901199074480653,1.0851255979179275,0.06775192770330689,1.2311007598881176,-0.9468074231391175,-0.18035088167253682,-1.6250300186364504,0.7541547013588581,-0.2695083320479831,-1.2973882760340927,-0.5903664254891835,-0.37372788992702854,-0.6257594487412598,0.07491704091585707,1
-0.9154975290934757,1.2612937853210262,-0.10026753108360885,1.2328504131073768,-0.9492187107888789,0.34939389960692646,-1.6230338081316291,0.5270416958483892,-0.16013428092920334,-1.6485125128344047,-0.653382477546196,0.04004180970963929,0.6795522431177599,-0.46721593502396935,1
-0.6543192048524114,0.4585919636859397,1.189864183436573,-0.3085940730600542,0.12037284554573835,0.8791386808863898,0.19866587308390649,-0.6539459328060484,0.07028038676102599,-0.7343520549093627,0.854020733518453,1.8671227755489415,-0.5636017491289256,0.039193115481938524,1
-1.014994033566262,0.7583620245089544,0.33638480871365595,1.229351106668858,-1.0274000757407633,-0.18035088167253682,-1.5314182523314133,0.15609045351462358,-0.615130333583327,-0.5317208874166716,-0.5871348330760034,0.8910506635855204,0.17328228395642878,1.1042526558379795,1
-0.9652457813298689,1.0694977748418464,0.07072572343404876,1.2311007598881176,-0.9477348414659488,-0.18035088167253682,-1.6243996363717703,0.8475233814020506,-0.2155504668293852,-1.2788266423706398,-0.5934633682184812,-0.37372788992702854,-0.6257594487412598,0.07491704091585707,1
-0.6294450787342148,-0.645300629960896,-0.27390415958414815,0.8601742774051488,1.4404600919575083,0.34939389960692646,0.32915500187274627,-0.7271267901371995,-1.1255425721376324,1.4698419426256368,1.9013259747565807,-0.9501762748909329,-0.31767345935838553,-0.7311120293584007,1
0.4401423443482388,1.7031349650175074,-0.29075566872501873,0.09732547380810014,-1.1481499418942074,0.34939389960692646,1.0665971878380183,-0.24766600072620973,-0.8484616426367237,-1.9547794682813733,-0.4120902440287462,1.9327086486848237,-0.7915133143741512,0.06582600612801424,0
-0.8781863399161808,0.2838444874715758,-1.0213181532439386,-0.527300725467465,0.6359246934312961,0.8791386808863898,1.0509426949317886,1.8745788618771706,3.1590035903553653,-0.41416387421480494,-0.737807829340527,-0.6489313575952393,-1.2374272463756797,-0.12803070751697826,0
0.3911081052304348,-0.8703988300509549,0.34644356655698116,-1.072438863595448,-0.20881067431334793,0.042314654934025316,-0.01046557220737511,-0.04920081905246636,0.0553667209017618,0.2920726167570106,-0.20259411228191393,0.03667719794772089,-0.17658200254247894,0.05788032189982264,0
-0.5299485742614284,0.4358605846661851,-0.8762630059333073,0.5504856575962552,-1.550464012073655,0.34939389960692646,-1.7128632808485842,-0.964333707003689,0.3327781094460975,-0.5069720425320682,-1.296065418717395,-0.7919985808573351,-1.1977904524199883,-1.0318844338181676,0
0.3911081052304348,-0.8703988300509549,0.34644356655698116,-1.072438863595448,-0.20881067431334793,0.042314654934025316,-0.01046557220737511,-0.04920081905246636,0.0553667209017618,0.2920726167570106,-0.20259411228191393,0.03667719794772089,-0.17658200254247894,0.05788032189982264,0
1.8455304700263462,0.5537796133311623,0.1508529972901492,0.7219516730836651,-1.3144360478950718,0.8791386808863898,1.144974716079946,-1.156118022768085,0.5952758321311686,-0.10944372157312435,-0.3917581417624879,0.48113895648625754,0.8516119623345113,1.5913272520767847,0
-0.16927374554757782,0.904695276948625,-0.2781996423063309,-0.522051765809687,0.3327516423901217,0.34939389960692646,-1.532573953149994,1.753451925604921,0.30798665785917406,-1.3762752191037662,-0.23893075055584417,-0.23226816355551802,0.3876813058076687,0.3130765438086481,0
-0.8284380876797875,1.0169314608586635,0.09748988501072561,0.1550640300436566,-1.576246241559567,0.34939389960692646,0.8461735226214431,-0.08616341902987644,-0.7551291190153652,-0.964825672897233,0.006670272845845867,-0.0888794409153055,0.034553505111508724,-0.1264941945950892,0
-0.6418821417933132,-0.802999571910444,1.2225759364747337,-1.4441190123593308,0.10711076347204977,0.8791386808863898,1.783446886490397,-0.8104015588243714,-1.1736671546298956,-0.6384502809815243,0.08301664360722646,2.061951398687885,0.1714806115038974,3.3611340526059017,0
0.3911081052304348,-0.8703988300509549,0.34644356655698116,-1.072438863595448,-0.20881067431334793,0.042314654934025316,-0.01046557220737511,-0.04920081905246636,0.0553667209017618,0.2920726167570106,-0.20259411228191393,0.03667719794772089,-0.17658200254247894,0.05788032189982264,0
0.3911081052304348,-0.8703988300509549,0.34644356655698116,-1.072438863595448,-0.20881067431334793,0.042314654934025316,-0.01046557220737511,-0.04920081905246636,0.0553667209017618,0.2920726167570106,-0.20259411228191393,0.03667719794772089,-0.17658200254247894,0.05788032189982264,0
0.3911081052304348,-0.8703988300509549,0.34644356655698116,-1.072438863595448,-0.20881067431334793,0.042314654934025316,-0.01046557220737511,-0.04920081905246636,0.0553667209017618,0.2920726167570106,-0.20259411228191393,0.03667719794772089,-0.17658200254247894,0.05788032189982264,0
1.16149200177594,1.1192226664475595,-0.0482261057956261,0.5277401657458846,1.2947626728123003,-1.7695852255109252,0.9920019531841723,2.674521336841822,2.232969957549697,-1.0220573766928784,0.1252966443463332,-0.2136211996247281,2.607341767326388,-0.8476309259349815,0
0.3911081052304348,-0.8703988300509549,0.34644356655698116,-1.072438863595448,-0.20881067431334793,0.042314654934025316,-0.01046557220737511,-0.04920081905246636,0.0553667209017618,0.2920726167570106,-0.20259411228191393,0.03667719794772089,-0.17658200254247894,0.05788032189982264,0
-0.10708843025208628,1.3138600993042087,-0.11265834662836666,-0.4363187580659821,0.09987690052276513,0.34939389960692646,-1.6673706940808166,-0.5959059425089286,-1.0497098966952785,-1.8078332017790397,-0.16675851999482122,-1.0630225566100242,-0.9365479468029311,-1.0540358284420668,0
-0.3309555653158557,0.3179415560012078,-1.4619355540155257,1.5845307101784936,0.9751743173862107,-0.18035088167253682,0.7652744653207936,1.602043255264608,1.2223537252121723,1.072313621666693,1.334585455295115,-1.6909108420726597,-1.2671548418424483,-1.3422600440397405,0
3.0146143975815867,0.057951408462763865,0.5348030683037109,-1.1519269247430302,-0.6384408294676873,0.34939389960692646,1.0400160690106617,-1.156118022768085,2.8483812851780317,-0.4218978882412435,-0.406434957305681,0.7688808999010344,-1.3608418093740826,-0.1681080862295823,0
-0.679193330970608,-0.645300629960896,-0.27390415958414815,-1.382881149685256,-0.8366301259115507,-0.18035088167253682,-1.3191895565556833,-0.09625733038589727,-0.7609624017417,-0.513159253753219,-1.404727713610577,-0.5965269589621572,-0.6392719921352455,1.9214214447959326,0
1.6092262719034787,1.6178922936934272,-0.8800628560336995,-0.7302604989015422,0.21506225671522108,-0.7100956629519987,1.0012475597328179,1.5717615211965459,2.4400514943345866,-2.158957438579352,-0.687987446304,0.8312517792557456,-0.851869341533954,-0.042114026634686316,0
0.3911081052304348,-0.8703988300509549,0.34644356655698116,-1.072438863595448,-0.20881067431334793,0.042314654934025316,-0.01046557220737511,-0.04920081905246636,0.0553667209017618,0.2920726167570106,-0.20259411228191393,0.03667719794772089,-0.17658200254247894,0.05788032189982264,0
1.4724185782533974,-0.03439481880498949,0.4474065159946858,0.07283032873847016,1.448992340564357,-0.18035088167253682,0.9766626514102831,-1.1586415006070903,0.4436104812464609,-0.08160127107794538,0.6185184364079508,-0.5592330311005772,-0.7482731755133968,-0.2707983665091622,0
-0.9776828443889672,1.0609735077094382,-0.4690182016956009,0.8181826001429259,1.437399611478965,0.34939389960692646,0.8793736552279436,3.0025734559124984,1.349227624509957,-0.4311787050729699,-0.4083200528800361,1.2594889509076816,-1.1536494773329682,0.22165402495625428,0
-0.007591925779299989,0.22843675111092385,0.10228100035469861,-0.5605441366333914,0.28684443521196895,0.34939389960692646,1.7906962825342214,0.7894833911049309,-0.17763412910820797,-0.7266180408829244,0.051508617578720176,2.352908335883833,-0.03751339298974847,7.63084737704838,0
0.3911081052304348,-0.8703988300509549,0.34644356655698116,-1.072438863595448,-0.20881067431334793,0.042314654934025316,-0.01046557220737511,-0.04920081905246636,0.0553667209017618,0.2920726167570106,-0.20259411228191393,0.03667719794772089,-0.17658200254247894,0.05788032189982264,0
-1.0771793488617536,0.23269888467712777,-0.15511754122840335,-0.5185524593711686,-0.2708122047117329,-0.18035088167253682,-1.6789277022666236,-0.11896863093694413,-0.7740872878759536,-0.6817607595295804,-0.2861927895986036,0.9421690647061345,-0.5545933868662685,1.0812049620096449,0
-0.5796968264978216,0.026695762310601244,-1.0878981354377706,-0.83349003883784,0.04515921923971437,-0.18035088167253682,-1.447892602261262,0.40843823741514446,-0.46929826542495406,-0.5812185771858787,-0.614199419536387,1.9555351045311355,2.62175514694664,1.9635475074043889,0
-0.4180150067295437,2.0867269859758673,-0.9147571395590215,1.3063358483162668,1.005222671175547,0.8791386808863898,0.7502503546792443,1.2336154907698478,1.882972993969602,-1.3082158956711063,-0.5954831134767188,-1.4742202612217552,-1.3608418093740826,-0.9303465382300045,0
-0.43045206978864203,-0.10827180061919214,0.15382679302089108,-0.8492369178111736,-0.8449768908530332,0.34939389960692646,-1.5981337086767542,-0.6665633220010744,-1.090542875779623,-0.16667542536876997,-0.6395135601062981,0.1471011026226232,-0.36812028802926555,-0.36030024420919476,0
-0.6667562679115097,1.615050871315958,-0.6096126554101194,0.6432172782169973,1.5812421939705101,0.34939389960692646,-1.4971674826171122,0.4311495379661913,-0.4561733792907005,-1.2494373890701733,-0.7023949624794281,-1.1305374260146086,-0.8716877385117997,-0.5033239886883604,0
-0.45532619590683865,-1.739248245286589,1.623542727503096,-1.066193916999325,-0.0639979178283377,-0.18035088167253682,0.3145511460743175,-1.1586415006070903,-0.18784237387929414,-0.6322630697603733,0.748320731670686,1.0704473165748452,1.2002355818993429,-0.07335645604642876,0
0.3911081052304348,-0.8703988300509549,0.34644356655698116,-1.072438863595448,-0.20881067431334793,0.042314654934025316,-0.01046557220737511,-0.04920081905246636,0.0553667209017618,0.2920726167570106,-0.20259411228191393,0.03667719794772089,-0.17658200254247894,0.05788032189982264,0
-0.032466051897496434,-1.5289829893538585,1.3231893586981671,-0.48530904820524207,-0.18020343418030818,0.34939389960692646,0.36414121756250784,0.44124344932221216,-0.37013245907726033,-0.4296319022676822,0.8234552552771242,-0.6444303663016003,-1.0878884328155711,-0.8432774726562959,0
2.7285619472223255,-0.4037797278760027,-0.14305714743150577,0.46475264985255016,1.2725046329683474,0.34939389960692646,0.48801133257220364,-1.1586415006070903,-1.3749154086884503,0.9609438196859772,1.359360997129496,-0.9199553333479286,0.8840420664800773,1.491838040384473,0
0.09190457869348648,2.299833664286067,-0.30909407573126024,1.4970480492155291,-1.654149381013402,0.34939389960692646,0.8760116164829816,1.6752241125957594,0.26277871673007835,-1.2494373890701733,-0.49072565941612944,0.25512489366995833,-0.8815969370007226,0.8039924223521755,0
1.3480479476624145,0.12188341195582388,1.0837988023734466,0.4752505691681058,-1.490831013658398,0.34939389960692646,0.34785634239159774,-1.156118022768085,-1.3734570880068666,1.1852302264526966,1.4493069859630099,-0.5020061417957389,-0.8545718502127511,-0.3994813237173636,0
0.3911081052304348,-0.8703988300509549,0.34644356655698116,-1.072438863595448,-0.20881067431334793,0.042314654934025316,-0.01046557220737511,-0.04920081905246636,0.0553667209017618,0.2920726167570106,-0.20259411228191393,0.03667719794772089,-0.17658200254247894,0.05788032189982264,0
-0.8408751507388859,-1.6767369529822636,1.4348719094749174,-0.10738395284523632,1.3262021540918838,0.34939389960692646,0.9413612445881814,-1.156118022768085,-1.2028335682615703,1.6987687578082193,1.143113604814192,-0.6505388544858248,-0.6086435604422112,-0.12188465582942248,0
0.3911081052304348,-0.8703988300509549,0.34644356655698116,-1.072438863595448,-0.20881067431334793,0.042314654934025316,-0.01046557220737511,-0.04920081905246636,0.0553667209017618,0.2920726167570106,-0.20259411228191393,0.03667719794772089,-0.17658200254247894,0.05788032189982264,0
2.5171318752176544,0.053689274896559835,0.5453765642352376,-1.1519269247430302,-0.6384408294676873,0.34939389960692646,1.0111235485461438,-1.156118022768085,2.8483812851780317,-0.41261707140951726,-0.4057617088862685,0.6685730939285092,-1.3581393006952853,-0.19678966077150992,0
1.4102332629579062,1.9801736468207674,-1.0132228204213634,-0.9822105624748795,0.6377795300849588,-0.7100956629519987,0.9907411886548115,1.6979354131468063,2.393385232523907,-2.078523692704391,-0.7444056638507699,0.2750578551132165,-0.9284404207665397,-0.18552189934432417,0
0.7635059838847944,-0.645300629960896,-0.27390415958414815,0.7394482052762581,1.5340366011347935,-0.7100956629519987,0.17891389545725445,-1.1182658551830067,0.3065283371775901,1.3631125490607843,2.0371875057940287,-0.8222195224003395,0.3102093903488173,-0.10792799678893092,0
1.833093406967248,2.045526361502562,-0.9582075994026388,0.3895175614244009,0.8332793133810114,-0.18035088167253682,0.9819158369492863,2.639192647095749,1.8596398630642623,-2.0321196085457593,-0.7550429888774878,0.041970805978341554,-1.0374416041446912,-0.2681094688958564,0
-0.803563961561591,0.17302901475027177,0.13862739261932147,0.5417373914999587,-0.9932710813133689,0.34939389960692646,1.4633177597435412,-0.9592867513256786,0.036739011084600134,-0.2795920301547734,-0.6358780186414704,-0.04612002362573516,-0.6005360344058198,-0.5448098375793626,0
-1.0771793488617536,-1.071513986581296,2.1679125571027886,-0.7967473212333951,-0.4426628206735855,0.8791386808863898,1.4990394214087628,-0.6817041890351057,-1.0992927998691253,0.5479474706741563,-1.7506427515047334,0.6341726604699826,-0.21317645711156266,-0.20011877210226925,0
-0.19414787166577444,0.1701875923728025,-0.2937294644557606,0.14806541716661945,-1.7209235005452606,0.34939389960692646,-1.4579787184961484,2.0184170987004677,1.3171445695151152,-0.04911841216690328,-0.3661747018248119,-1.0308726187983173,0.3669620726035572,-0.6031973286111436,0
0.5147647227028286,-0.7674817921920774,2.4710745107645296,-0.98046090925562,-0.718198805575185,-2.2993300067903872,-1.3479770133094209,-1.1636884562851004,-1.3778320500516177,-0.09242889071495938,-1.3681029995945353,-1.2105907711657589,-1.1716662018582826,-0.37579341617157536,0
-1.052305222743557,2.113720498561826,-0.8960883108049196,1.332580646605156,0.9688678727637573,0.8791386808863898,0.7598111523602301,0.9762207511913167,1.7896404703482434,-1.4056644724042329,-0.542835087078659,-1.2051252817377687,-1.302287454666811,-0.8042244358916179,0
0.3911081052304348,-0.8703988300509549,0.34644356655698116,-1.072438863595448,-0.20881067431334793,0.042314654934025316,-0.01046557220737511,-0.04920081905246636,0.0553667209017618,0.2920726167570106,-0.20259411228191393,0.03667719794772089,-0.17658200254247894,0.05788032189982264,0
0.3911081052304348,-0.8703988300509549,0.34644356655698116,-1.072438863595448,-0.20881067431334793,0.042314654934025316,-0.01046557220737511,-0.04920081905246636,0.0553667209017618,0.2920726167570106,-0.20259411228191393,0.03667719794772089,-0.17658200254247894,0.05788032189982264,0
-1.0274310966253604,0.8322390063231571,-0.8037354322779916,0.438507851563661,1.024142005042907,0.34939389960692646,0.9485055769212258,-0.8028311253073557,-1.1692921925851443,-0.6229822529286472,-0.5374490997233589,0.935096078387559,-0.8221417460671854,-0.09691632084872642,0
-0.8906234029752791,0.08636563223745722,-0.7578068093254228,-0.5780406688259843,-0.46148941270826227,0.34939389960692646,-1.3424086366380774,0.8273355586900092,1.0969381465959716,-0.5951398024334681,-0.7469640078445374,-0.027794559073062226,-0.20056474994384263,0.6363844711227865,0
0.3911081052304348,-0.8703988300509549,0.34644356655698116,-1.072438863595448,-0.20881067431334793,0.042314654934025316,-0.01046557220737511,-0.04920081905246636,0.0553667209017618,0.2920726167570106,-0.20259411228191393,0.03667719794772089,-0.17658200254247894,0.05788032189982264,0
0.3911081052304348,-0.8703988300509549,0.34644356655698116,-1.072438863595448,-0.20881067431334793,0.042314654934025316,-0.01046557220737511,-0.04920081905246636,0.0553667209017618,0.2920726167570106,-0.20259411228191393,0.03667719794772089,-0.17658200254247894,0.05788032189982264,0
0.3911081052304348,-0.8703988300509549,0.34644356655698116,-1.072438863595448,-0.20881067431334793,0.042314654934025316,-0.01046557220737511,-0.04920081905246636,0.0553667209017618,0.2920726167570106,-0.20259411228191393,0.03667719794772089,-0.17658200254247894,0.05788032189982264,0
0.3911081052304348,-0.8703988300509549,0.34644356655698116,-1.072438863595448,-0.20881067431334793,0.042314654934025316,-0.01046557220737511,-0.04920081905246636,0.0553667209017618,0.2920726167570106,-0.20259411228191393,0.03667719794772089,-0.17658200254247894,0.05788032189982264,0
2.790747262517817,0.0593721196514985,0.5313336399511787,-1.1519269247430302,-0.6384408294676873,0.34939389960692646,1.0503123126671081,-1.156118022768085,2.8483812851780317,-0.42499149385181906,-0.4068389063573285,0.7974943445534535,-1.3572384644690196,-0.16016943613315585,0
0.3911081052304348,-0.8703988300509549,0.34644356655698116,-1.072438863595448,-0.20881067431334793,0.042314654934025316,-0.01046557220737511,-0.04920081905246636,0.0553667209017618,0.2920726167570106,-0.20259411228191393,0.03667719794772089,-0.17658200254247894,0.05788032189982264,0
0.3911081052304348,-0.8703988300509549,0.34644356655698116,-1.072438863595448,-0.20881067431334793,0.042314654934025316,-0.01046557220737511,-0.04920081905246636,0.0553667209017618,0.2920726167570106,-0.20259411228191393,0.03667719794772089,-0.17658200254247894,0.05788032189982264,0
0.3911081052304348,-0.8703988300509549,0.34644356655698116,-1.072438863595448,-0.20881067431334793,0.042314654934025316,-0.01046557220737511,-0.04920081905246636,0.0553667209017618,0.2920726167570106,-0.20259411228191393,0.03667719794772089,-0.17658200254247894,0.05788032189982264,0
0.09190457869348648,0.013909361611989144,-1.4713525738295417,0.4175120129325495,1.4538149158638802,0.34939389960692646,-1.3475567584663006,-0.5706711641188765,-1.0351266898794413,1.1310921282676265,-1.972680080226985,-0.46599821144662723,0.6417171216146,-0.7531353812388093,0
1.833093406967248,0.21565035041231173,-0.41251608281150537,0.7656930035651474,1.4921172927620157,0.34939389960692646,0.15506443311017973,-0.7876902582733244,1.8304734494325878,0.4381244714987282,0.06201129292155562,-1.1736183426822957,-1.264452333163651,-0.5307251357953804,0
-1.0398681596844586,0.9615237244980117,0.11103717667299415,0.14631576394736012,-1.5716091499254101,0.34939389960692646,0.8461735226214431,0.15356697567561844,-0.6165886542649107,-0.9137811803227383,0.01892339407915387,-0.0888794409153055,0.034553505111508724,-0.1264941945950892,0
-0.1319625563702829,0.3378315126434931,-0.5937524115128293,0.4595036901947723,-1.6056454025201214,0.34939389960692646,-1.595086861064132,-0.4470207500076212,0.49902666714664246,-0.17595624220049622,-1.0143782800351933,-1.010618157976942,-1.2194105218503655,-1.1047407548644033,0
-0.44288913284774034,0.6177116168242225,-0.5883004526731359,0.4542547305369944,1.1471176751807466,0.34939389960692646,0.8872534335364485,1.634848467171676,0.23944558582473865,-0.38941502933020145,-0.30073495545791423,1.1437491747855366,-1.041044949049754,1.3444608426266225,0
-0.19414787166577444,-0.9408085572177065,2.4917258700057925,1.0053954946036696,-1.3820448439210784,0.8791386808863898,-1.0328909446800079,-0.6034763760259442,-1.0540848587400298,1.8194193766206612,-2.3451211058459953,3.045096496969882,-0.5104524117792484,0.39873713920395876,0
2.591754253572244,-0.645300629960896,-0.27390415958414815,-1.3023971015993288,-0.33591697125529496,0.8791386808863898,-1.3656277167204716,-0.9062937167065693,0.529651401459901,-0.44200632470998386,-0.6777540703289296,-1.1337524197957793,1.597504357682523,0.868910093301985,0
0.3282087768163542,1.8991931090628913,0.21974593171900253,2.2913906107592448,-1.255730467806646,-9.186012163423404,-1.4615508846626706,-1.181352801158137,-1.3880402948227037,-0.6601055202555522,-0.6312999293894652,-0.7855685932949937,3.070371587626965,0.02344385803257666,0
-0.6294450787342148,0.883384609117605,-0.7622675029215354,0.3772699888895859,1.3216578042904101,-0.7100956629519987,-1.7242101616128314,-1.1611649784460953,1.5475592372053442,-0.6214354501233592,-0.6914883380849453,-0.8993793731484361,1.4659822686477284,0.09809277748768248,0
-0.5050744481432318,0.22417461754471982,0.7535422653871685,-1.3583860046156258,-0.2669170477390411,0.34939389960692646,0.8643495445863943,-0.757408524205262,-1.1430424203166372,-0.9586384616760819,-0.040457116513031056,1.5559113775316191,-0.5140557566843111,0.009231113505103472,0
-0.5672597634387233,0.2838444874715758,-0.5299810141758092,-0.05489435626745772,0.7882067826970067,-0.18035088167253682,-1.4782560146767008,-0.479825961914689,-0.982627145342427,-0.47912959203688915,-0.3770813262192948,-0.5997419527433278,-0.694223001937454,-0.13430480194802502,0
0.3911081052304348,-0.8703988300509549,0.34644356655698116,-1.072438863595448,-0.20881067431334793,0.042314654934025316,-0.01046557220737511,-0.04920081905246636,0.0553667209017618,0.2920726167570106,-0.20259411228191393,0.03667719794772089,-0.17658200254247894,0.05788032189982264,0
-0.9652457813298689,1.0936498650503357,-1.6190510951230546,-2.0250038811534137,0.1698969841985334,0.34939389960692646,-1.466068624226213,-0.964333707003689,-0.9009611871737381,-1.5448767248801276,-0.7835887218605789,0.3094582885717429,-0.5347749898884226,-0.3531298505737128,0
-0.7040674570888046,1.9176623545164417,0.5514893665706513,2.5433406743325824,-1.1440693012561496,-0.18035088167253682,-1.77106857662074,-1.1586415006070903,-1.3749154086884503,-0.29970046662351374,-0.44844565867702274,-0.7440951735178918,1.9677480466777315,-0.45582013085329276,0
2.4922577490994575,-0.39525546074359474,-0.3333800741989856,0.5627332301310701,1.2952263819757162,-1.7695852255109252,0.43810606995167306,-0.47477900623667857,-0.6647132367571739,0.9825990589600053,1.4884900439728188,-0.6981207624471509,1.3804028271524855,-0.45197884854857034,0
2.2683906140356886,0.6688572196186704,0.8183049279677693,0.5294898189651438,-1.7363186447706611,-1.7695852255109252,0.6414043503110975,0.2267478330067695,-0.5742973544989826,1.7745620952673176,0.9682036654508175,-0.8816969073519972,-0.5879243272380997,-0.9591561555154228,0
0.8381283622393844,-0.645300629960896,-0.27390415958414815,0.7376985520569987,1.5332946664733282,-0.7100956629519987,0.1740809647613714,-1.1611649784460953,0.3298614680829298,1.3615657462554964,2.0361103083229684,-0.9369948003881331,0.43092144466842297,-0.4964096805398599,0
-0.7911268985024927,1.0183521720473985,-0.5797094872287706,0.027339345037728717,1.2069361572613697,0.34939389960692646,-1.3602694674706883,-0.6791807111961004,1.445476789494483,-1.0978507141519767,-0.5150972521988629,1.1659326318756147,-0.612246905347274,0.08823348623889513,0
0.3911081052304348,-0.8703988300509549,0.34644356655698116,-1.072438863595448,-0.20881067431334793,0.042314654934025316,-0.01046557220737511,-0.04920081905246636,0.0553667209017618,0.2920726167570106,-0.20259411228191393,0.03667719794772089,-0.17658200254247894,0.05788032189982264,0
1.1366178756577434,0.5935595266157331,0.8419300829397743,-1.4861106896215537,-0.5779731545582821,0.8791386808863898,-1.8447182378775653,-0.5252485630167827,-1.0088769176109342,-0.7389924633252261,-0.06482870929576458,-0.28499406156671736,0.7110815110370601,-0.5720829419428918,0
0.3911081052304348,-0.8703988300509549,0.34644356655698116,-1.072438863595448,-0.20881067431334793,0.042314654934025316,-0.01046557220737511,-0.04920081905246636,0.0553667209017618,0.2920726167570106,-0.20259411228191393,0.03667719794772089,-0.17658200254247894,0.05788032189982264,0
-0.8160010246206894,0.5779317035396516,-0.8580898098009957,0.4490057708792166,0.9980815500589455,0.8791386808863898,1.0310856535943564,0.9333216279282281,-0.16596756365553814,-0.3491981563927208,-0.5126735578889778,1.1855440939407558,-0.9563663437807769,1.4232071298734321,0
0.3911081052304348,-0.8703988300509549,0.34644356655698116,-1.072438863595448,-0.20881067431334793,0.042314654934025316,-0.01046557220737511,-0.04920081905246636,0.0553667209017618,0.2920726167570106,-0.20259411228191393,0.03667719794772089,-0.17658200254247894,0.05788032189982264,0
1.2361143801305299,0.657491530108793,-0.2957119949429219,0.3772699888895859,-1.2986699363389385,0.8791386808863898,-1.449258430501403,0.521994740170379,-0.40367383475368623,-0.6554651118396891,-0.6268564898213425,-0.843116981977949,0.2183240952697145,-0.3597880732352319,0
0.3911081052304348,-0.8703988300509549,0.34644356655698116,-1.072438863595448,-0.20881067431334793,0.042314654934025316,-0.01046557220737511,-0.04920081905246636,0.0553667209017618,0.2920726167570106,-0.20259411228191393,0.03667719794772089,-0.17658200254247894,0.05788032189982264,0
2.9773032084042916,2.5797137684667963,-0.6783403789650426,-0.6637736765696893,0.42113460893715116,-2.2993300067903872,0.9466144301271846,2.674521336841822,1.7852655083034925,-3.110241163831299,-0.5626285906093873,0.9395970696811979,-0.8491668328551569,-0.017145691653990623,0
0.3911081052304348,-0.8703988300509549,0.34644356655698116,-1.072438863595448,-0.20881067431334793,0.042314654934025316,-0.01046557220737511,-0.04920081905246636,0.0553667209017618,0.2920726167570106,-0.20259411228191393,0.03667719794772089,-0.17658200254247894,0.05788032189982264,0
-0.45532619590683865,1.632099405580774,-0.564510086827201,0.2880376747073623,-1.153992677353245,0.34939389960692646,1.300153816902101,-0.1770086212340639,-0.1513843568397009,-1.965607087918387,-0.6959317776530679,1.9163121804008532,-0.7780007709801655,0.04854023575676299,0
-0.7289415832070012,0.3264658231336158,-0.57871822198519,0.9004163014481125,1.400952071234492,0.34939389960692646,0.30793213229517347,1.7484049699269102,0.3473613162619347,0.4365776686934405,-0.09633673532427087,-1.5639185877164175,0.24534918205768566,-0.9496809924971075,0
-1.0647422858026552,-0.645300629960896,-0.27390415958414815,-0.8002466276719136,-0.5865981449978139,-1.7695852255109252,-1.3729821764750763,-0.04074081792778275,-0.5261727720067195,0.0019260804075914555,-1.041712165863342,1.005504442195197,-0.4573030744295713,-0.9325232648693472,0
0.15408989398897802,0.16876688118406788,0.03553580728693662,0.5417373914999587,-1.7208307587125773,0.34939389960692646,0.6376220567230153,-0.8406832928924338,-0.19950893933196398,0.20455724790028262,0.4927556316616907,0.6190621896984804,-0.2591191046511141,-0.21522781583417758,0
0.3911081052304348,-0.8703988300509549,0.34644356655698116,-1.072438863595448,-0.20881067431334793,0.042314654934025316,-0.01046557220737511,-0.04920081905246636,0.0553667209017618,0.2920726167570106,-0.20259411228191393,0.03667719794772089,-0.17658200254247894,0.05788032189982264,0
-0.5921338895569199,0.28242377628284115,-0.3259455848721309,0.036087611134025116,0.8852147396835679,0.34939389960692646,0.6453967713207402,3.9665419904124883,2.0492215516701475,-0.47758278923160147,-0.1562558446519858,0.26509137439158753,-1.3608418093740826,-0.4349491636643009,0
0.7883801100029911,0.4656955196296131,-0.1860119746533328,0.12531992531624875,1.496939868061539,0.34939389960692646,0.8211683594557878,3.7646637632920723,1.9719305555462097,-0.4048830573830787,-0.16379622694940613,-0.39751884390769143,-1.3167008342870625,-0.576052266991105,0
-1.014994033566262,0.9870965258952357,-0.5678143043058032,1.49529839599627,1.1626055612388302,0.8791386808863898,0.6312131703654313,1.1023946431415772,0.7950657655081398,-0.35383856480858394,0.2604849269643687,0.4203755740221315,0.6966681314168086,0.1151224623719521,0
0.3911081052304348,-0.8703988300509549,0.34644356655698116,-1.072438863595448,-0.20881067431334793,0.042314654934025316,-0.01046557220737511,-0.04920081905246636,0.0553667209017618,0.2920726167570106,-0.20259411228191393,0.03667719794772089,-0.17658200254247894,0.05788032189982264,0
1.6838486502580685,0.2923687546039837,-0.6049867509400766,0.8584246241858895,1.3855569270090913,0.34939389960692646,0.3075118774520533,0.8651877262750871,0.8752734029952448,0.4381244714987282,-0.10845520687369635,-1.4928672251525452,0.8579178159183714,-0.8902691595174005,0
2.1315829203856076,-0.645300629960896,-0.27390415958414815,-1.29889779516081,-0.2023687321915779,0.34939389960692646,-1.5321536983068738,-0.4621616170416525,0.25402879264057593,-0.4389127190994085,-0.4838585255381217,-1.2896796181825576,1.6191244271128997,-0.17847954845233288,0
-0.554822700379625,0.798141937793525,-1.3932078304606026,0.6327193589014416,0.9022792368972652,0.34939389960692646,1.6201778799381772,-0.15429732068301696,-0.3307578006744997,-0.3120748890658155,-1.1369094923682734,2.5380919776792643,0.039057686242837196,-0.5439135383749274,0
-0.8160010246206894,-0.8981872215556665,-2.176142162015365,-0.6270309589652443,0.23527997624014493,-0.18035088167253682,0.6100953644986384,-0.33094076941338163,-0.8965862251289869,0.3190206554915738,-0.5825567438239982,-1.1935513041255543,1.1452845720971343,-1.2007728124824641,0
-0.8906234029752791,0.9657858580642156,-0.19129872261909614,0.44375681122143873,-1.5142946973272315,0.34939389960692646,-1.647303525321824,0.1813252319046758,-0.1470093947949498,-0.7096032100247592,-0.37479228159329225,0.3760086598419762,-0.9176303860513512,0.6972047742808918,0
0.3911081052304348,-0.8703988300509549,0.34644356655698116,-1.072438863595448,-0.20881067431334793,0.042314654934025316,-0.01046557220737511,-0.04920081905246636,0.0553667209017618,0.2920726167570106,-0.20259411228191393,0.03667719794772089,-0.17658200254247894,0.05788032189982264,0
0.5023276596437303,-0.956436380293788,1.5070690613823727,0.4874981417029209,-1.7346492917823648,-3.358819569349314,0.33125627608834773,-1.166211934124106,-0.21846710819255258,1.3027872396545632,1.8132650814974223,-0.027151560316828218,-1.3329158863598454,-0.50498854435374,0
-1.0647422858026552,-0.534485157239592,-0.6619845024459623,0.7726916164421845,-1.5276495212336032,-0.7100956629519987,-0.34398819309512596,-1.1586415006070903,0.6944416384788623,1.3167084649021525,-2.323307857057029,0.1258821436668965,-1.0716733807427883,-0.005493801996332607,0
-0.0200289888383983,-0.5444301355607347,-0.8974099977963607,0.8269308662392224,-1.6348590798153095,0.34939389960692646,-0.2037281392037401,0.21665392165074865,0.05569717994518874,1.3739401686977981,-2.4887923185486285,-1.4462498153255703,-0.5960318532744912,-1.0418717678104459,0
2.9151178931088,-0.07417473208956019,-0.14157024956613484,1.031640292892559,1.2670328648400424,-0.18035088167253682,0.6020054587685734,-0.16943818771704836,-0.8032537015076282,1.2857724087963984,1.2151511856913326,0.272807359466397,1.2975258943360402,-0.6290619627962747,0
0.3911081052304348,-0.8703988300509549,0.34644356655698116,-1.072438863595448,-0.20881067431334793,0.042314654934025316,-0.01046557220737511,-0.04920081905246636,0.0553667209017618,0.2920726167570106,-0.20259411228191393,0.03667719794772089,-0.17658200254247894,0.05788032189982264,0
1.497292704371594,0.08494492104872246,0.8057489015490813,-1.0819407959726586,-0.841452701211074,0.8791386808863898,1.0624997031175958,2.460025720526379,1.4790181651709091,0.049876967371510754,-0.3213363570919376,-0.5942764633153378,-1.0824834154579768,0.6503411301632781,0
0.3911081052304348,-0.8703988300509549,0.34644356655698116,-1.072438863595448,-0.20881067431334793,0.042314654934025316,-0.01046557220737511,-0.04920081905246636,0.0553667209017618,0.2920726167570106,-0.20259411228191393,0.03667719794772089,-0.17658200254247894,0.05788032189982264,0
0.3911081052304348,-0.8703988300509549,0.34644356655698116,-1.072438863595448,-0.20881067431334793,0.042314654934025316,-0.01046557220737511,-0.04920081905246636,0.0553667209017618,0.2920726167570106,-0.20259411228191393,0.03667719794772089,-0.17658200254247894,0.05788032189982264,0
-0.08221430413388967,1.7670669685105673,0.6684586653131649,0.7044551408910724,-1.2289280781612195,0.8791386808863898,0.07500588549577064,-0.32337033589636605,-0.8922112630842356,-1.294294670423517,0.4573427648005917,-1.2986816007698356,2.511853127342223,-1.362362754767788,0
